TEAM_ID,TEAM_NAME,SEASON,W,L,W_PCT,PLUS_MINUS
1610612737,Atlanta Hawks,2024-25,40,42,0.488,-93.0
1610612738,Boston Celtics,2024-25,61,21,0.744,747.0
1610612751,Brooklyn Nets,2024-25,26,56,0.317,-583.0
1610612766,Charlotte Hornets,2024-25,19,63,0.232,-747.0
1610612741,Chicago Bulls,2024-25,39,43,0.476,-128.0
1610612739,Cleveland Cavaliers,2024-25,64,18,0.78,782.0
1610612742,Dallas Mavericks,2024-25,39,43,0.476,-98.0
1610612743,Denver Nuggets,2024-25,50,32,0.61,319.0
1610612765,Detroit Pistons,2024-25,44,38,0.537,156.0
1610612744,Golden State Warriors,2024-25,48,34,0.585,271.0
1610612745,Houston Rockets,2024-25,52,30,0.634,370.0
1610612754,Indiana Pacers,2024-25,50,32,0.61,183.0
1610612746,LA Clippers,2024-25,50,32,0.61,382.0
1610612747,Los Angeles Lakers,2024-25,50,32,0.61,100.0
1610612763,Memphis Grizzlies,2024-25,48,34,0.585,398.0
1610612748,Miami Heat,2024-25,37,45,0.451,46.0
1610612749,Milwaukee Bucks,2024-25,48,34,0.585,203.0
1610612750,Minnesota Timberwolves,2024-25,49,33,0.598,410.0
1610612740,New Orleans Pelicans,2024-25,21,61,0.256,-773.0
1610612752,New York Knicks,2024-25,51,31,0.622,336.0
1610612760,Oklahoma City Thunder,2024-25,68,14,0.829,1055.0
1610612753,Orlando Magic,2024-25,41,41,0.5,-10.0
1610612755,Philadelphia 76ers,2024-25,24,58,0.293,-511.0
1610612756,Phoenix Suns,2024-25,36,46,0.439,-246.0
1610612757,Portland Trail Blazers,2024-25,36,46,0.439,-244.0
1610612758,Sacramento Kings,2024-25,40,42,0.488,39.0
1610612759,San Antonio Spurs,2024-25,34,48,0.415,-226.0
1610612761,Toronto Raptors,2024-25,30,52,0.366,-352.0
1610612762,Utah Jazz,2024-25,17,65,0.207,-766.0
1610612764,Washington Wizards,2024-25,18,64,0.22,-1020.0
1610612737,Atlanta Hawks,2023-24,36,46,0.439,-179.0
1610612738,Boston Celtics,2023-24,64,18,0.78,930.0
1610612751,Brooklyn Nets,2023-24,32,50,0.39,-237.0
1610612766,Charlotte Hornets,2023-24,21,61,0.256,-840.0
1610612741,Chicago Bulls,2023-24,39,43,0.476,-118.0
1610612739,Cleveland Cavaliers,2023-24,48,34,0.585,198.0
1610612742,Dallas Mavericks,2023-24,50,32,0.61,181.0
1610612743,Denver Nuggets,2023-24,57,25,0.695,431.0
1610612765,Detroit Pistons,2023-24,14,68,0.171,-747.0
1610612744,Golden State Warriors,2023-24,46,36,0.561,214.0
1610612745,Houston Rockets,2023-24,41,41,0.5,92.0
1610612754,Indiana Pacers,2023-24,47,35,0.573,250.0
1610612746,LA Clippers,2023-24,51,31,0.622,269.0
1610612747,Los Angeles Lakers,2023-24,47,35,0.573,49.0
1610612763,Memphis Grizzlies,2023-24,27,55,0.329,-574.0
1610612748,Miami Heat,2023-24,46,36,0.561,144.0
1610612749,Milwaukee Bucks,2023-24,49,33,0.598,215.0
1610612750,Minnesota Timberwolves,2023-24,56,26,0.683,529.0
1610612740,New Orleans Pelicans,2023-24,49,33,0.598,362.0
1610612752,New York Knicks,2023-24,50,32,0.61,376.0
1610612760,Oklahoma City Thunder,2023-24,57,25,0.695,608.0
1610612753,Orlando Magic,2023-24,47,35,0.573,166.0
1610612755,Philadelphia 76ers,2023-24,47,35,0.573,250.0
1610612756,Phoenix Suns,2023-24,49,33,0.598,251.0
1610612757,Portland Trail Blazers,2023-24,21,61,0.256,-740.0
1610612758,Sacramento Kings,2023-24,46,36,0.561,143.0
1610612759,San Antonio Spurs,2023-24,22,60,0.268,-532.0
1610612761,Toronto Raptors,2023-24,25,57,0.305,-528.0
1610612762,Utah Jazz,2023-24,31,51,0.378,-401.0
1610612764,Washington Wizards,2023-24,15,67,0.183,-762.0
1610612737,Atlanta Hawks,2022-23,41,41,0.5,24.0
1610612738,Boston Celtics,2022-23,57,25,0.695,535.0
1610612751,Brooklyn Nets,2022-23,45,37,0.549,70.0
1610612766,Charlotte Hornets,2022-23,27,55,0.329,-512.0
1610612741,Chicago Bulls,2022-23,40,42,0.488,106.0
1610612739,Cleveland Cavaliers,2022-23,51,31,0.622,441.0
1610612742,Dallas Mavericks,2022-23,38,44,0.463,6.0
1610612743,Denver Nuggets,2022-23,53,29,0.646,273.0
1610612765,Detroit Pistons,2022-23,17,65,0.207,-674.0
1610612744,Golden State Warriors,2022-23,44,38,0.537,148.0
1610612745,Houston Rockets,2022-23,22,60,0.268,-644.0
1610612754,Indiana Pacers,2022-23,35,47,0.427,-261.0
1610612746,LA Clippers,2022-23,44,38,0.537,41.0
1610612747,Los Angeles Lakers,2022-23,43,39,0.524,47.0
1610612763,Memphis Grizzlies,2022-23,51,31,0.622,323.0
1610612748,Miami Heat,2022-23,44,38,0.537,-26.0
1610612749,Milwaukee Bucks,2022-23,58,24,0.707,298.0
1610612750,Minnesota Timberwolves,2022-23,42,40,0.512,-3.0
1610612740,New Orleans Pelicans,2022-23,42,40,0.512,155.0
1610612752,New York Knicks,2022-23,47,35,0.573,240.0
1610612760,Oklahoma City Thunder,2022-23,40,42,0.488,89.0
1610612753,Orlando Magic,2022-23,34,48,0.415,-210.0
1610612755,Philadelphia 76ers,2022-23,54,28,0.659,354.0
1610612756,Phoenix Suns,2022-23,45,37,0.549,170.0
1610612757,Portland Trail Blazers,2022-23,33,49,0.402,-329.0
1610612758,Sacramento Kings,2022-23,48,34,0.585,217.0
1610612759,San Antonio Spurs,2022-23,22,60,0.268,-823.0
1610612761,Toronto Raptors,2022-23,41,41,0.5,121.0
1610612762,Utah Jazz,2022-23,37,45,0.451,-77.0
1610612764,Washington Wizards,2022-23,35,47,0.427,-99.0
1610612737,Atlanta Hawks,2021-22,43,39,0.524,128.0
1610612738,Boston Celtics,2021-22,51,31,0.622,597.0
1610612751,Brooklyn Nets,2021-22,44,38,0.537,64.0
1610612766,Charlotte Hornets,2021-22,43,39,0.524,36.0
1610612741,Chicago Bulls,2021-22,46,36,0.561,-32.0
1610612739,Cleveland Cavaliers,2021-22,44,38,0.537,174.0
1610612742,Dallas Mavericks,2021-22,52,30,0.634,271.0
1610612743,Denver Nuggets,2021-22,48,34,0.585,189.0
1610612765,Detroit Pistons,2021-22,23,59,0.28,-633.0
1610612744,Golden State Warriors,2021-22,53,29,0.646,454.0
1610612745,Houston Rockets,2021-22,20,62,0.244,-695.0
1610612754,Indiana Pacers,2021-22,25,57,0.305,-285.0
1610612746,LA Clippers,2021-22,42,40,0.512,2.0
1610612747,Los Angeles Lakers,2021-22,33,49,0.402,-250.0
1610612763,Memphis Grizzlies,2021-22,56,26,0.683,466.0
1610612748,Miami Heat,2021-22,53,29,0.646,365.0
1610612749,Milwaukee Bucks,2021-22,51,31,0.622,275.0
1610612750,Minnesota Timberwolves,2021-22,46,36,0.561,216.0
1610612740,New Orleans Pelicans,2021-22,36,46,0.439,-81.0
1610612752,New York Knicks,2021-22,37,45,0.451,-10.0
1610612760,Oklahoma City Thunder,2021-22,24,58,0.293,-664.0
1610612753,Orlando Magic,2021-22,22,60,0.268,-656.0
1610612755,Philadelphia 76ers,2021-22,51,31,0.622,214.0
1610612756,Phoenix Suns,2021-22,64,18,0.78,615.0
1610612757,Portland Trail Blazers,2021-22,27,55,0.329,-728.0
1610612758,Sacramento Kings,2021-22,30,52,0.366,-448.0
1610612759,San Antonio Spurs,2021-22,34,48,0.415,10.0
1610612761,Toronto Raptors,2021-22,48,34,0.585,188.0
1610612762,Utah Jazz,2021-22,49,33,0.598,495.0
1610612764,Washington Wizards,2021-22,35,47,0.427,-277.0
1610612737,Atlanta Hawks,2020-21,41,31,0.569,167.0
1610612738,Boston Celtics,2020-21,36,36,0.5,105.0
1610612751,Brooklyn Nets,2020-21,48,24,0.667,324.0
1610612766,Charlotte Hornets,2020-21,33,39,0.458,-139.0
1610612741,Chicago Bulls,2020-21,31,41,0.431,-64.0
1610612739,Cleveland Cavaliers,2020-21,22,50,0.306,-608.0
1610612742,Dallas Mavericks,2020-21,42,30,0.583,163.0
1610612743,Denver Nuggets,2020-21,47,25,0.653,355.0
1610612765,Detroit Pistons,2020-21,20,52,0.278,-322.0
1610612744,Golden State Warriors,2020-21,39,33,0.542,76.0
1610612745,Houston Rockets,2020-21,17,55,0.236,-569.0
1610612754,Indiana Pacers,2020-21,34,38,0.472,-3.0
1610612746,LA Clippers,2020-21,47,25,0.653,445.0
1610612747,Los Angeles Lakers,2020-21,42,30,0.583,201.0
1610612763,Memphis Grizzlies,2020-21,38,34,0.528,74.0
1610612748,Miami Heat,2020-21,40,32,0.556,2.0
1610612749,Milwaukee Bucks,2020-21,46,26,0.639,424.0
1610612750,Minnesota Timberwolves,2020-21,23,49,0.319,-400.0
1610612740,New Orleans Pelicans,2020-21,31,41,0.431,-21.0
1610612752,New York Knicks,2020-21,41,31,0.569,166.0
1610612760,Oklahoma City Thunder,2020-21,22,50,0.306,-766.0
1610612753,Orlando Magic,2020-21,21,51,0.292,-670.0
1610612755,Philadelphia 76ers,2020-21,49,23,0.681,402.0
1610612756,Phoenix Suns,2020-21,51,21,0.708,419.0
1610612757,Portland Trail Blazers,2020-21,42,30,0.583,129.0
1610612758,Sacramento Kings,2020-21,31,41,0.431,-265.0
1610612759,San Antonio Spurs,2020-21,33,39,0.458,-125.0
1610612761,Toronto Raptors,2020-21,27,45,0.375,-34.0
1610612762,Utah Jazz,2020-21,52,20,0.722,666.0
1610612764,Washington Wizards,2020-21,34,38,0.472,-132.0
1610612737,Atlanta Hawks,2019-20,20,47,0.299,-534.0
1610612738,Boston Celtics,2019-20,48,24,0.667,454.0
1610612751,Brooklyn Nets,2019-20,35,37,0.486,-41.0
1610612766,Charlotte Hornets,2019-20,23,42,0.354,-439.0
1610612741,Chicago Bulls,2019-20,22,43,0.338,-200.0
1610612739,Cleveland Cavaliers,2019-20,19,46,0.292,-513.0
1610612742,Dallas Mavericks,2019-20,43,32,0.573,371.0
1610612743,Denver Nuggets,2019-20,46,27,0.63,154.0
1610612765,Detroit Pistons,2019-20,20,46,0.303,-235.0
1610612744,Golden State Warriors,2019-20,15,50,0.231,-566.0
1610612745,Houston Rockets,2019-20,44,28,0.611,213.0
1610612754,Indiana Pacers,2019-20,45,28,0.616,143.0
1610612746,LA Clippers,2019-20,49,23,0.681,464.0
1610612747,Los Angeles Lakers,2019-20,52,19,0.732,411.0
1610612763,Memphis Grizzlies,2019-20,34,39,0.466,-78.0
1610612748,Miami Heat,2019-20,44,29,0.603,215.0
1610612749,Milwaukee Bucks,2019-20,56,17,0.767,736.0
1610612750,Minnesota Timberwolves,2019-20,19,45,0.297,-275.0
1610612740,New Orleans Pelicans,2019-20,30,42,0.417,-93.0
1610612752,New York Knicks,2019-20,21,45,0.318,-426.0
1610612760,Oklahoma City Thunder,2019-20,44,28,0.611,143.0
1610612753,Orlando Magic,2019-20,33,40,0.452,-74.0
1610612755,Philadelphia 76ers,2019-20,43,30,0.589,174.0
1610612756,Phoenix Suns,2019-20,34,39,0.466,16.0
1610612757,Portland Trail Blazers,2019-20,35,39,0.473,-85.0
1610612758,Sacramento Kings,2019-20,31,41,0.431,-147.0
1610612759,San Antonio Spurs,2019-20,32,39,0.451,-79.0
1610612761,Toronto Raptors,2019-20,53,19,0.736,449.0
1610612762,Utah Jazz,2019-20,44,28,0.611,178.0
1610612764,Washington Wizards,2019-20,25,47,0.347,-336.0
1610612737,Atlanta Hawks,2018-19,29,53,0.354,-494.0
1610612738,Boston Celtics,2018-19,49,33,0.598,364.0
1610612751,Brooklyn Nets,2018-19,42,40,0.512,-6.0
1610612766,Charlotte Hornets,2018-19,39,43,0.476,-90.0
1610612741,Chicago Bulls,2018-19,22,60,0.268,-690.0
1610612739,Cleveland Cavaliers,2018-19,19,63,0.232,-788.0
1610612742,Dallas Mavericks,2018-19,33,49,0.402,-105.0
1610612743,Denver Nuggets,2018-19,54,28,0.659,324.0
1610612765,Detroit Pistons,2018-19,41,41,0.5,-20.0
1610612744,Golden State Warriors,2018-19,57,25,0.695,530.0
1610612745,Houston Rockets,2018-19,53,29,0.646,391.0
1610612754,Indiana Pacers,2018-19,48,34,0.585,273.0
1610612746,LA Clippers,2018-19,48,34,0.585,70.0
1610612747,Los Angeles Lakers,2018-19,37,45,0.451,-141.0
1610612763,Memphis Grizzlies,2018-19,33,49,0.402,-213.0
1610612748,Miami Heat,2018-19,39,43,0.476,-19.0
1610612749,Milwaukee Bucks,2018-19,60,22,0.732,727.0
1610612750,Minnesota Timberwolves,2018-19,36,46,0.439,-123.0
1610612740,New Orleans Pelicans,2018-19,33,49,0.402,-109.0
1610612752,New York Knicks,2018-19,17,65,0.207,-755.0
1610612760,Oklahoma City Thunder,2018-19,49,33,0.598,279.0
1610612753,Orlando Magic,2018-19,42,40,0.512,58.0
1610612755,Philadelphia 76ers,2018-19,51,31,0.622,221.0
1610612756,Phoenix Suns,2018-19,19,63,0.232,-766.0
1610612757,Portland Trail Blazers,2018-19,53,29,0.646,344.0
1610612758,Sacramento Kings,2018-19,39,43,0.476,-92.0
1610612759,San Antonio Spurs,2018-19,48,34,0.585,138.0
1610612761,Toronto Raptors,2018-19,58,24,0.707,499.0
1610612762,Utah Jazz,2018-19,50,32,0.61,431.0
1610612764,Washington Wizards,2018-19,32,50,0.39,-238.0
1610612737,Atlanta Hawks,2017-18,24,58,0.293,-447.0
1610612738,Boston Celtics,2017-18,55,27,0.671,294.0
1610612751,Brooklyn Nets,2017-18,28,54,0.341,-307.0
1610612766,Charlotte Hornets,2017-18,36,46,0.439,21.0
1610612741,Chicago Bulls,2017-18,27,55,0.329,-577.0
1610612739,Cleveland Cavaliers,2017-18,50,32,0.61,77.0
1610612742,Dallas Mavericks,2017-18,24,58,0.293,-249.0
1610612743,Denver Nuggets,2017-18,46,36,0.561,121.0
1610612765,Detroit Pistons,2017-18,39,43,0.476,-12.0
1610612744,Golden State Warriors,2017-18,58,24,0.707,490.0
1610612745,Houston Rockets,2017-18,65,17,0.793,695.0
1610612754,Indiana Pacers,2017-18,48,34,0.585,113.0
1610612746,LA Clippers,2017-18,42,40,0.512,3.0
1610612747,Los Angeles Lakers,2017-18,35,47,0.427,-127.0
1610612763,Memphis Grizzlies,2017-18,22,60,0.268,-509.0
1610612748,Miami Heat,2017-18,44,38,0.537,39.0
1610612749,Milwaukee Bucks,2017-18,44,38,0.537,-25.0
1610612750,Minnesota Timberwolves,2017-18,47,35,0.573,183.0
1610612740,New Orleans Pelicans,2017-18,48,34,0.585,107.0
1610612752,New York Knicks,2017-18,29,53,0.354,-292.0
1610612760,Oklahoma City Thunder,2017-18,48,34,0.585,280.0
1610612753,Orlando Magic,2017-18,25,57,0.305,-395.0
1610612755,Philadelphia 76ers,2017-18,52,30,0.634,369.0
1610612756,Phoenix Suns,2017-18,21,61,0.256,-768.0
1610612757,Portland Trail Blazers,2017-18,49,33,0.598,213.0
1610612758,Sacramento Kings,2017-18,27,55,0.329,-573.0
1610612759,San Antonio Spurs,2017-18,47,35,0.573,237.0
1610612761,Toronto Raptors,2017-18,59,23,0.72,638.0
1610612762,Utah Jazz,2017-18,48,34,0.585,353.0
1610612764,Washington Wizards,2017-18,43,39,0.524,48.0
1610612737,Atlanta Hawks,2016-17,43,39,0.524,-70.0
1610612738,Boston Celtics,2016-17,53,29,0.646,216.0
1610612751,Brooklyn Nets,2016-17,20,62,0.244,-552.0
1610612766,Charlotte Hornets,2016-17,36,46,0.439,16.0
1610612741,Chicago Bulls,2016-17,41,41,0.5,35.0
1610612739,Cleveland Cavaliers,2016-17,51,31,0.622,261.0
1610612742,Dallas Mavericks,2016-17,33,49,0.402,-240.0
1610612743,Denver Nuggets,2016-17,40,42,0.488,42.0
1610612765,Detroit Pistons,2016-17,37,45,0.451,-92.0
1610612744,Golden State Warriors,2016-17,67,15,0.817,954.0
1610612745,Houston Rockets,2016-17,55,27,0.671,473.0
1610612754,Indiana Pacers,2016-17,42,40,0.512,-18.0
1610612746,LA Clippers,2016-17,51,31,0.622,352.0
1610612747,Los Angeles Lakers,2016-17,26,56,0.317,-564.0
1610612763,Memphis Grizzlies,2016-17,43,39,0.524,40.0
1610612748,Miami Heat,2016-17,41,41,0.5,87.0
1610612749,Milwaukee Bucks,2016-17,42,40,0.512,-15.0
1610612750,Minnesota Timberwolves,2016-17,31,51,0.378,-91.0
1610612740,New Orleans Pelicans,2016-17,34,48,0.415,-172.0
1610612752,New York Knicks,2016-17,31,51,0.378,-301.0
1610612760,Oklahoma City Thunder,2016-17,47,35,0.573,62.0
1610612753,Orlando Magic,2016-17,29,53,0.354,-539.0
1610612755,Philadelphia 76ers,2016-17,28,54,0.341,-467.0
1610612756,Phoenix Suns,2016-17,24,58,0.293,-462.0
1610612757,Portland Trail Blazers,2016-17,41,41,0.5,-43.0
1610612758,Sacramento Kings,2016-17,32,50,0.39,-318.0
1610612759,San Antonio Spurs,2016-17,61,21,0.744,590.0
1610612761,Toronto Raptors,2016-17,51,31,0.622,345.0
1610612762,Utah Jazz,2016-17,51,31,0.622,323.0
1610612764,Washington Wizards,2016-17,49,33,0.598,148.0
1610612737,Atlanta Hawks,2015-16,48,34,0.585,296.0
1610612738,Boston Celtics,2015-16,48,34,0.585,263.0
1610612751,Brooklyn Nets,2015-16,21,61,0.256,-603.0
1610612766,Charlotte Hornets,2015-16,48,34,0.585,223.0
1610612741,Chicago Bulls,2015-16,42,40,0.512,-121.0
1610612739,Cleveland Cavaliers,2015-16,57,25,0.695,492.0
1610612742,Dallas Mavericks,2015-16,42,40,0.512,-25.0
1610612743,Denver Nuggets,2015-16,33,49,0.402,-254.0
1610612765,Detroit Pistons,2015-16,44,38,0.537,50.0
1610612744,Golden State Warriors,2015-16,73,9,0.89,882.0
1610612745,Houston Rockets,2015-16,41,41,0.5,16.0
1610612754,Indiana Pacers,2015-16,45,37,0.549,140.0
1610612746,LA Clippers,2015-16,53,29,0.646,351.0
1610612747,Los Angeles Lakers,2015-16,17,65,0.207,-784.0
1610612763,Memphis Grizzlies,2015-16,42,40,0.512,-184.0
1610612748,Miami Heat,2015-16,48,34,0.585,135.0
1610612749,Milwaukee Bucks,2015-16,33,49,0.402,-343.0
1610612750,Minnesota Timberwolves,2015-16,29,53,0.354,-290.0
1610612740,New Orleans Pelicans,2015-16,30,52,0.366,-311.0
1610612752,New York Knicks,2015-16,32,50,0.39,-224.0
1610612760,Oklahoma City Thunder,2015-16,55,27,0.671,597.0
1610612753,Orlando Magic,2015-16,35,47,0.427,-133.0
1610612755,Philadelphia 76ers,2015-16,10,72,0.122,-839.0
1610612756,Phoenix Suns,2015-16,23,59,0.28,-546.0
1610612757,Portland Trail Blazers,2015-16,44,38,0.537,68.0
1610612758,Sacramento Kings,2015-16,33,49,0.402,-203.0
1610612759,San Antonio Spurs,2015-16,67,15,0.817,872.0
1610612761,Toronto Raptors,2015-16,56,26,0.683,369.0
1610612762,Utah Jazz,2015-16,40,42,0.488,147.0
1610612764,Washington Wizards,2015-16,41,41,0.5,-41.0
1610612737,Atlanta Hawks,2014-15,60,22,0.732,445.0
1610612738,Boston Celtics,2014-15,40,42,0.488,13.0
1610612751,Brooklyn Nets,2014-15,38,44,0.463,-236.0
1610612766,Charlotte Hornets,2014-15,33,49,0.402,-260.0
1610612741,Chicago Bulls,2014-15,50,32,0.61,246.0
1610612739,Cleveland Cavaliers,2014-15,53,29,0.646,367.0
1610612742,Dallas Mavericks,2014-15,50,32,0.61,238.0
1610612743,Denver Nuggets,2014-15,30,52,0.366,-291.0
1610612765,Detroit Pistons,2014-15,32,50,0.39,-82.0
1610612744,Golden State Warriors,2014-15,67,15,0.817,828.0
1610612745,Houston Rockets,2014-15,56,26,0.683,282.0
1610612754,Indiana Pacers,2014-15,38,44,0.463,23.0
1610612746,Los Angeles Clippers,2014-15,56,26,0.683,540.0
1610612747,Los Angeles Lakers,2014-15,21,61,0.256,-561.0
1610612763,Memphis Grizzlies,2014-15,55,27,0.671,266.0
1610612748,Miami Heat,2014-15,37,45,0.451,-213.0
1610612749,Milwaukee Bucks,2014-15,41,41,0.5,35.0
1610612750,Minnesota Timberwolves,2014-15,16,66,0.195,-721.0
1610612740,New Orleans Pelicans,2014-15,45,37,0.549,65.0
1610612752,New York Knicks,2014-15,17,65,0.207,-764.0
1610612760,Oklahoma City Thunder,2014-15,45,37,0.549,179.0
1610612753,Orlando Magic,2014-15,25,57,0.305,-469.0
1610612755,Philadelphia 76ers,2014-15,18,64,0.22,-736.0
1610612756,Phoenix Suns,2014-15,39,43,0.476,-74.0
1610612757,Portland Trail Blazers,2014-15,51,31,0.622,347.0
1610612758,Sacramento Kings,2014-15,29,53,0.354,-304.0
1610612759,San Antonio Spurs,2014-15,55,27,0.671,508.0
1610612761,Toronto Raptors,2014-15,49,33,0.598,252.0
1610612762,Utah Jazz,2014-15,38,44,0.463,18.0
1610612764,Washington Wizards,2014-15,46,36,0.561,59.0
1610612737,Atlanta Hawks,2013-14,38,44,0.463,-39.0
1610612738,Boston Celtics,2013-14,25,57,0.305,-366.0
1610612751,Brooklyn Nets,2013-14,44,38,0.537,-82.0
1610612766,Charlotte Bobcats,2013-14,43,39,0.524,-18.0
1610612741,Chicago Bulls,2013-14,48,34,0.585,152.0
1610612739,Cleveland Cavaliers,2013-14,33,49,0.402,-270.0
1610612742,Dallas Mavericks,2013-14,49,33,0.598,197.0
1610612743,Denver Nuggets,2013-14,36,46,0.439,-176.0
1610612765,Detroit Pistons,2013-14,29,53,0.354,-300.0
1610612744,Golden State Warriors,2013-14,51,31,0.622,394.0
1610612745,Houston Rockets,2013-14,54,28,0.659,374.0
1610612754,Indiana Pacers,2013-14,56,26,0.683,361.0
1610612746,Los Angeles Clippers,2013-14,57,25,0.695,572.0
1610612747,Los Angeles Lakers,2013-14,27,55,0.329,-516.0
1610612763,Memphis Grizzlies,2013-14,50,32,0.61,129.0
1610612748,Miami Heat,2013-14,54,28,0.659,390.0
1610612749,Milwaukee Bucks,2013-14,15,67,0.183,-671.0
1610612750,Minnesota Timberwolves,2013-14,40,42,0.488,219.0
1610612740,New Orleans Pelicans,2013-14,34,48,0.415,-222.0
1610612752,New York Knicks,2013-14,37,45,0.451,-65.0
1610612760,Oklahoma City Thunder,2013-14,59,23,0.72,520.0
1610612753,Orlando Magic,2013-14,23,59,0.28,-446.0
1610612755,Philadelphia 76ers,2013-14,19,63,0.232,-857.0
1610612756,Phoenix Suns,2013-14,48,34,0.585,216.0
1610612757,Portland Trail Blazers,2013-14,54,28,0.659,327.0
1610612758,Sacramento Kings,2013-14,28,54,0.341,-238.0
1610612759,San Antonio Spurs,2013-14,62,20,0.756,633.0
1610612761,Toronto Raptors,2013-14,48,34,0.585,266.0
1610612762,Utah Jazz,2013-14,25,57,0.305,-588.0
1610612764,Washington Wizards,2013-14,44,38,0.537,104.0
1610612737,Atlanta Hawks,2012-13,44,38,0.537,33.0
1610612738,Boston Celtics,2012-13,41,40,0.506,-18.0
1610612751,Brooklyn Nets,2012-13,49,33,0.598,146.0
1610612766,Charlotte Bobcats,2012-13,21,61,0.256,-757.0
1610612741,Chicago Bulls,2012-13,45,37,0.549,26.0
1610612739,Cleveland Cavaliers,2012-13,24,58,0.293,-384.0
1610612742,Dallas Mavericks,2012-13,41,41,0.5,-49.0
1610612743,Denver Nuggets,2012-13,57,25,0.695,417.0
1610612765,Detroit Pistons,2012-13,29,53,0.354,-327.0
1610612744,Golden State Warriors,2012-13,47,35,0.573,73.0
1610612745,Houston Rockets,2012-13,45,37,0.549,285.0
1610612754,Indiana Pacers,2012-13,49,32,0.605,326.0
1610612746,Los Angeles Clippers,2012-13,56,26,0.683,529.0
1610612747,Los Angeles Lakers,2012-13,45,37,0.549,95.0
1610612763,Memphis Grizzlies,2012-13,56,26,0.683,340.0
1610612748,Miami Heat,2012-13,66,16,0.805,645.0
1610612749,Milwaukee Bucks,2012-13,38,44,0.463,-123.0
1610612750,Minnesota Timberwolves,2012-13,31,51,0.378,-194.0
1610612740,New Orleans Hornets,2012-13,27,55,0.329,-317.0
1610612752,New York Knicks,2012-13,54,28,0.659,347.0
1610612760,Oklahoma City Thunder,2012-13,60,22,0.732,755.0
1610612753,Orlando Magic,2012-13,20,62,0.244,-573.0
1610612755,Philadelphia 76ers,2012-13,34,48,0.415,-274.0
1610612756,Phoenix Suns,2012-13,25,57,0.305,-530.0
1610612757,Portland Trail Blazers,2012-13,33,49,0.402,-260.0
1610612758,Sacramento Kings,2012-13,28,54,0.341,-400.0
1610612759,San Antonio Spurs,2012-13,58,24,0.707,525.0
1610612761,Toronto Raptors,2012-13,34,48,0.415,-121.0
1610612762,Utah Jazz,2012-13,43,39,0.524,-7.0
1610612764,Washington Wizards,2012-13,29,53,0.354,-208.0
1610612737,Atlanta Hawks,2011-12,40,26,0.606,227.0
1610612738,Boston Celtics,2011-12,39,27,0.591,166.0
1610612766,Charlotte Bobcats,2011-12,7,59,0.106,-918.0
1610612741,Chicago Bulls,2011-12,50,16,0.758,540.0
1610612739,Cleveland Cavaliers,2011-12,21,45,0.318,-475.0
1610612742,Dallas Mavericks,2011-12,36,30,0.545,63.0
1610612743,Denver Nuggets,2011-12,38,28,0.576,190.0
1610612765,Detroit Pistons,2011-12,25,41,0.379,-316.0
1610612744,Golden State Warriors,2011-12,23,43,0.348,-225.0
1610612745,Houston Rockets,2011-12,34,32,0.515,15.0
1610612754,Indiana Pacers,2011-12,42,24,0.636,218.0
1610612746,Los Angeles Clippers,2011-12,40,26,0.606,169.0
1610612747,Los Angeles Lakers,2011-12,41,25,0.621,94.0
1610612763,Memphis Grizzlies,2011-12,41,25,0.621,133.0
1610612748,Miami Heat,2011-12,46,20,0.697,395.0
1610612749,Milwaukee Bucks,2011-12,31,35,0.47,18.0
1610612750,Minnesota Timberwolves,2011-12,26,40,0.394,-145.0
1610612751,New Jersey Nets,2011-12,22,44,0.333,-395.0
1610612740,New Orleans Hornets,2011-12,21,45,0.318,-248.0
1610612752,New York Knicks,2011-12,36,30,0.545,211.0
1610612760,Oklahoma City Thunder,2011-12,47,19,0.712,404.0
1610612753,Orlando Magic,2011-12,37,29,0.561,52.0
1610612755,Philadelphia 76ers,2011-12,35,31,0.53,280.0
1610612756,Phoenix Suns,2011-12,33,33,0.5,-16.0
1610612757,Portland Trail Blazers,2011-12,28,38,0.424,-41.0
1610612758,Sacramento Kings,2011-12,22,44,0.333,-375.0
1610612759,San Antonio Spurs,2011-12,50,16,0.758,473.0
1610612761,Toronto Raptors,2011-12,23,43,0.348,-218.0
1610612762,Utah Jazz,2011-12,36,30,0.545,41.0
1610612764,Washington Wizards,2011-12,20,46,0.303,-317.0
1610612737,Atlanta Hawks,2010-11,44,38,0.537,-67.0
1610612738,Boston Celtics,2010-11,56,26,0.683,440.0
1610612766,Charlotte Bobcats,2010-11,34,48,0.415,-328.0
1610612741,Chicago Bulls,2010-11,62,20,0.756,600.0
1610612739,Cleveland Cavaliers,2010-11,19,63,0.232,-739.0
1610612742,Dallas Mavericks,2010-11,57,25,0.695,347.0
1610612743,Denver Nuggets,2010-11,50,32,0.61,390.0
1610612765,Detroit Pistons,2010-11,30,52,0.366,-295.0
1610612744,Golden State Warriors,2010-11,36,46,0.439,-191.0
1610612745,Houston Rockets,2010-11,43,39,0.524,179.0
1610612754,Indiana Pacers,2010-11,37,45,0.451,-88.0
1610612746,Los Angeles Clippers,2010-11,32,50,0.39,-257.0
1610612747,Los Angeles Lakers,2010-11,57,25,0.695,501.0
1610612763,Memphis Grizzlies,2010-11,46,36,0.561,192.0
1610612748,Miami Heat,2010-11,58,24,0.707,612.0
1610612749,Milwaukee Bucks,2010-11,35,47,0.427,-69.0
1610612750,Minnesota Timberwolves,2010-11,17,65,0.207,-544.0
1610612751,New Jersey Nets,2010-11,24,58,0.293,-512.0
1610612740,New Orleans Hornets,2010-11,46,36,0.561,73.0
1610612752,New York Knicks,2010-11,42,40,0.512,64.0
1610612760,Oklahoma City Thunder,2010-11,55,27,0.671,311.0
1610612753,Orlando Magic,2010-11,52,30,0.634,448.0
1610612755,Philadelphia 76ers,2010-11,41,41,0.5,123.0
1610612756,Phoenix Suns,2010-11,40,42,0.488,-73.0
1610612757,Portland Trail Blazers,2010-11,48,34,0.585,125.0
1610612758,Sacramento Kings,2010-11,24,58,0.293,-438.0
1610612759,San Antonio Spurs,2010-11,61,21,0.744,468.0
1610612761,Toronto Raptors,2010-11,22,60,0.268,-515.0
1610612762,Utah Jazz,2010-11,39,43,0.476,-150.0
1610612764,Washington Wizards,2010-11,23,59,0.28,-607.0
1610612737,Atlanta Hawks,2009-10,53,29,0.646,382.0
1610612738,Boston Celtics,2009-10,50,32,0.61,300.0
1610612766,Charlotte Bobcats,2009-10,44,38,0.537,120.0
1610612741,Chicago Bulls,2009-10,41,41,0.5,-134.0
1610612739,Cleveland Cavaliers,2009-10,61,21,0.744,535.0
1610612742,Dallas Mavericks,2009-10,55,27,0.671,223.0
1610612743,Denver Nuggets,2009-10,53,29,0.646,335.0
1610612765,Detroit Pistons,2009-10,27,55,0.329,-419.0
1610612744,Golden State Warriors,2009-10,26,56,0.317,-295.0
1610612745,Houston Rockets,2009-10,42,40,0.512,-30.0
1610612754,Indiana Pacers,2009-10,32,50,0.39,-247.0
1610612746,Los Angeles Clippers,2009-10,29,53,0.354,-521.0
1610612747,Los Angeles Lakers,2009-10,57,25,0.695,387.0
1610612763,Memphis Grizzlies,2009-10,40,42,0.488,-124.0
1610612748,Miami Heat,2009-10,47,35,0.573,187.0
1610612749,Milwaukee Bucks,2009-10,46,36,0.561,139.0
1610612750,Minnesota Timberwolves,2009-10,15,67,0.183,-787.0
1610612751,New Jersey Nets,2009-10,12,70,0.146,-748.0
1610612740,New Orleans Hornets,2009-10,37,45,0.451,-202.0
1610612752,New York Knicks,2009-10,29,53,0.354,-313.0
1610612760,Oklahoma City Thunder,2009-10,50,32,0.61,286.0
1610612753,Orlando Magic,2009-10,59,23,0.72,614.0
1610612755,Philadelphia 76ers,2009-10,27,55,0.329,-320.0
1610612756,Phoenix Suns,2009-10,54,28,0.659,402.0
1610612757,Portland Trail Blazers,2009-10,50,32,0.61,271.0
1610612758,Sacramento Kings,2009-10,25,57,0.305,-358.0
1610612759,San Antonio Spurs,2009-10,50,32,0.61,417.0
1610612761,Toronto Raptors,2009-10,40,42,0.488,-146.0
1610612762,Utah Jazz,2009-10,53,29,0.646,438.0
1610612764,Washington Wizards,2009-10,26,56,0.317,-392.0
1610612737,Atlanta Hawks,2008-09,47,35,0.573,129.0
1610612738,Boston Celtics,2008-09,62,20,0.756,616.0
1610612766,Charlotte Bobcats,2008-09,35,47,0.427,-104.0
1610612741,Chicago Bulls,2008-09,41,41,0.5,-23.0
1610612739,Cleveland Cavaliers,2008-09,66,16,0.805,732.0
1610612742,Dallas Mavericks,2008-09,50,32,0.61,162.0
1610612743,Denver Nuggets,2008-09,54,28,0.659,280.0
1610612765,Detroit Pistons,2008-09,39,43,0.476,-40.0
1610612744,Golden State Warriors,2008-09,29,53,0.354,-307.0
1610612745,Houston Rockets,2008-09,53,29,0.646,328.0
1610612754,Indiana Pacers,2008-09,36,46,0.439,-91.0
1610612746,Los Angeles Clippers,2008-09,19,63,0.232,-719.0
1610612747,Los Angeles Lakers,2008-09,65,17,0.793,628.0
1610612763,Memphis Grizzlies,2008-09,24,58,0.293,-448.0
1610612748,Miami Heat,2008-09,43,39,0.524,21.0
1610612749,Milwaukee Bucks,2008-09,34,48,0.415,-89.0
1610612750,Minnesota Timberwolves,2008-09,24,58,0.293,-403.0
1610612751,New Jersey Nets,2008-09,34,48,0.415,-200.0
1610612740,New Orleans Hornets,2008-09,49,33,0.598,127.0
1610612752,New York Knicks,2008-09,32,50,0.39,-214.0
1610612760,Oklahoma City Thunder,2008-09,23,59,0.28,-500.0
1610612753,Orlando Magic,2008-09,59,23,0.72,549.0
1610612755,Philadelphia 76ers,2008-09,41,41,0.5,6.0
1610612756,Phoenix Suns,2008-09,46,36,0.561,158.0
1610612757,Portland Trail Blazers,2008-09,54,28,0.659,438.0
1610612758,Sacramento Kings,2008-09,17,65,0.207,-718.0
1610612759,San Antonio Spurs,2008-09,54,28,0.659,308.0
1610612761,Toronto Raptors,2008-09,33,49,0.402,-231.0
1610612762,Utah Jazz,2008-09,48,34,0.585,217.0
1610612764,Washington Wizards,2008-09,19,63,0.232,-612.0
1610612737,Atlanta Hawks,2007-08,37,45,0.451,-149.0
1610612738,Boston Celtics,2007-08,66,16,0.805,841.0
1610612766,Charlotte Bobcats,2007-08,32,50,0.39,-359.0
1610612741,Chicago Bulls,2007-08,33,49,0.402,-253.0
1610612739,Cleveland Cavaliers,2007-08,45,37,0.549,-29.0
1610612742,Dallas Mavericks,2007-08,51,31,0.622,372.0
1610612743,Denver Nuggets,2007-08,50,32,0.61,304.0
1610612765,Detroit Pistons,2007-08,59,23,0.72,606.0
1610612744,Golden State Warriors,2007-08,48,34,0.585,181.0
1610612745,Houston Rockets,2007-08,55,27,0.671,384.0
1610612754,Indiana Pacers,2007-08,36,46,0.439,-115.0
1610612746,Los Angeles Clippers,2007-08,23,59,0.28,-596.0
1610612747,Los Angeles Lakers,2007-08,57,25,0.695,595.0
1610612763,Memphis Grizzlies,2007-08,22,60,0.268,-509.0
1610612748,Miami Heat,2007-08,15,67,0.183,-709.0
1610612749,Milwaukee Bucks,2007-08,26,56,0.317,-565.0
1610612750,Minnesota Timberwolves,2007-08,22,60,0.268,-556.0
1610612751,New Jersey Nets,2007-08,34,48,0.415,-415.0
1610612740,New Orleans Hornets,2007-08,56,26,0.683,433.0
1610612752,New York Knicks,2007-08,23,59,0.28,-542.0
1610612753,Orlando Magic,2007-08,52,30,0.634,448.0
1610612755,Philadelphia 76ers,2007-08,40,42,0.488,34.0
1610612756,Phoenix Suns,2007-08,55,27,0.671,414.0
1610612757,Portland Trail Blazers,2007-08,41,41,0.5,-80.0
1610612758,Sacramento Kings,2007-08,38,44,0.463,-185.0
1610612759,San Antonio Spurs,2007-08,56,26,0.683,393.0
1610612760,Seattle SuperSonics,2007-08,20,62,0.244,-718.0
1610612761,Toronto Raptors,2007-08,41,41,0.5,238.0
1610612762,Utah Jazz,2007-08,54,28,0.659,564.0
1610612764,Washington Wizards,2007-08,43,39,0.524,-27.0
1610612737,Atlanta Hawks,2006-07,30,52,0.366,-390.0
1610612738,Boston Celtics,2006-07,24,58,0.293,-280.0
1610612766,Charlotte Bobcats,2006-07,33,49,0.402,-307.0
1610612741,Chicago Bulls,2006-07,49,33,0.598,411.0
1610612739,Cleveland Cavaliers,2006-07,50,32,0.61,314.0
1610612742,Dallas Mavericks,2006-07,67,15,0.817,592.0
1610612743,Denver Nuggets,2006-07,45,37,0.549,133.0
1610612765,Detroit Pistons,2006-07,53,29,0.646,341.0
1610612744,Golden State Warriors,2006-07,42,40,0.512,-28.0
1610612745,Houston Rockets,2006-07,52,30,0.634,398.0
1610612754,Indiana Pacers,2006-07,35,47,0.427,-200.0
1610612746,Los Angeles Clippers,2006-07,40,42,0.488,-38.0
1610612747,Los Angeles Lakers,2006-07,42,40,0.512,-6.0
1610612763,Memphis Grizzlies,2006-07,22,60,0.268,-422.0
1610612748,Miami Heat,2006-07,44,38,0.537,-75.0
1610612749,Milwaukee Bucks,2006-07,28,54,0.341,-359.0
1610612750,Minnesota Timberwolves,2006-07,32,50,0.39,-301.0
1610612751,New Jersey Nets,2006-07,41,41,0.5,-63.0
1610612740,New Orleans/Oklahoma City Hornets,2006-07,39,43,0.476,-129.0
1610612752,New York Knicks,2006-07,33,49,0.402,-234.0
1610612753,Orlando Magic,2006-07,40,42,0.488,64.0
1610612755,Philadelphia 76ers,2006-07,35,47,0.427,-248.0
1610612756,Phoenix Suns,2006-07,61,21,0.744,599.0
1610612757,Portland Trail Blazers,2006-07,32,50,0.39,-352.0
1610612758,Sacramento Kings,2006-07,33,49,0.402,-148.0
1610612759,San Antonio Spurs,2006-07,58,24,0.707,691.0
1610612760,Seattle SuperSonics,2006-07,31,51,0.378,-237.0
1610612761,Toronto Raptors,2006-07,47,35,0.573,81.0
1610612762,Utah Jazz,2006-07,51,31,0.622,235.0
1610612764,Washington Wizards,2006-07,41,41,0.5,-42.0
